"hz","pop","tp_med","tp_lo","tp_hi","frac_med","frac_lo","frac_hi","R0_med","R0_lo","R0_hi","N_eff_med"
"alunguli",94109,0.01218375191199,0.0077005647446086,0.0165083814593451,0.155925507177836,0.124244231192094,0.202503158110803,4.98540126714409,3.80044067995931,6.3269916839704,14673.993554999
