"hz","pop","tp_med","tp_lo","tp_hi","frac_med","frac_lo","frac_hi","R0_med","R0_lo","R0_hi","N_eff_med"
"alunguli",94109,0.0123399443089674,0.00784186932776699,0.0168475284804155,0.152275842282672,0.123349278509884,0.194054403377252,4.95740559814747,3.73785841679519,6.30427572103287,14330.52724138
