"scenario","infections","cases_symptomatic","deaths","doses","orc_treated","ctc_treated","infections_averted","cases_averted","deaths_averted","cost","dalys","cost_diff","dalys_averted","icer_cost_per_daly_averted","icer_cost_per_death_averted","mean_cost_vax","mean_cost_care","mean_cost_wash","nmb","inmb","hz"
"aa_response",15018.18,3731.36,97.04,0,251.34,932.2,5146.1,1270.06,441.98,762805.128500034,2924.65334180822,679843.083155203,13263.9791752329,51.2548364388749,1538.17612370515,0,77089.4,685715.728500033,19216125.6796941,19216125.6796941,"alunguli"
"aa_response_plus_vaccine",14718,3646.38,94.48,2856,246.36,903.44,5446.28,1355.04,444.54,766166.528500034,2847.54694816438,683204.483155204,13341.0855688767,51.2105615115043,1536.87965797274,5712,74738.8,685715.728500033,19328423.8701599,19328423.8701599,"alunguli"
"fitted_response",20164.28,5001.42,539.02,0,109.32,396.4,0,0,0,82962.04534483,16188.6325170411,0,0,NA,NA,0,32805.2,50156.84534483,0,0,"alunguli"
"no_interventions",20419.8,5065.5,742.08,0,0,0,-255.52,-64.0799999999999,-203.06,0,22280.6635561644,-82962.04534483,-6092.03103912329,NA,NA,0,0,0,-9055084.5133401,-9055084.5133401,"alunguli"
