"hz","acceptance_rate","trans_prob_med","obs_size_med","E0_med","frac_neff_med","N_eff_med","R0_med","rhat_log_trans_prob","ess_bulk_log_trans_prob","ess_tail_log_trans_prob","rhat_log_obs_size","ess_bulk_log_obs_size","ess_tail_log_obs_size","rhat_log_E0","ess_bulk_log_E0","ess_tail_log_E0","rhat_logit_frac_neff","ess_bulk_logit_frac_neff","ess_tail_logit_frac_neff","cover_50","cover_95"
"alunguli",0.254290032897662,0.0123399443089674,3.81557547832498,12.9482868528704,0.152275842282672,14330.52724138,4.95740559814747,1.0011666590279,1594.79303045613,1580.32400043732,1.00584146102196,862.111557656752,1234.5056906515,1.00158665299303,1497.16712020229,1495.09980411788,1.00326210576407,1478.85187853042,1679.95004937306,0.475,0.9
