"hz","acceptance_rate","trans_prob_med","obs_size_med","E0_med","frac_neff_med","N_eff_med","R0_med","rhat_log_trans_prob","ess_bulk_log_trans_prob","ess_tail_log_trans_prob","rhat_log_obs_size","ess_bulk_log_obs_size","ess_tail_log_obs_size","rhat_log_E0","ess_bulk_log_E0","ess_tail_log_E0","rhat_logit_frac_neff","ess_bulk_logit_frac_neff","ess_tail_logit_frac_neff","cover_50","cover_95"
"bumbu",0.247088112385525,0.000438073221827562,1.11994691170817,38.7807909557938,0.696306546814128,395022.36337967,0.779613938082076,1.01932233257997,66.6261401622263,590.803205977765,1.00618414384772,606.212916648841,528.434744775018,1.0029042456205,739.638817075952,985.128722197407,1.02038729141449,69.1719583902279,233.116198105034,0.4375,0.90625
