"hz","obs_total","model_total","total_ratio","obs_peak","model_peak","peak_ratio","peak_wk_obs","peak_wk_mod","peak_wk_err","inf_needed","N_eff","rounds_needed","sat_min","sat_max"
"bumbu",185,156.990559455613,0.84859761867899,23,7.07797239026029,0.307737930011317,19,14,-5,2466.66666666667,395022.36337967,0.00624437220607651,0.0371124964591088,0.0831166502332238
