"hz","pop","tp_med","tp_lo","tp_hi","frac_med","frac_lo","frac_hi","R0_med","R0_lo","R0_hi","N_eff_med"
"bumbu",567311,0.000741721137837158,0.000270359172018088,0.0368009759119048,0.417245534534393,0.0107555235300505,0.945496212444662,0.831706121213706,0.598946541243723,1.14084475967497,236707.981442241
