"hz","pop","tp_med","tp_lo","tp_hi","frac_med","frac_lo","frac_hi","R0_med","R0_lo","R0_hi","N_eff_med"
"bumbu",567311,0.000438073221827562,0.000241362968929966,0.0314926864998858,0.696306546814128,0.0114203767942371,0.944746016694825,0.779613938082076,0.554700555646817,1.05897084317828,395022.36337967
