"hz","pop","tp_med","tp_lo","tp_hi","frac_med","frac_lo","frac_hi","R0_med","R0_lo","R0_hi","N_eff_med"
"goma",296096,0.0410187845710698,0.0291075929622728,0.0491314194824762,0.0483587294150042,0.042084125886971,0.0546856528347339,5.21667307621226,3.8790248680034,6.39137318738901,14318.8263448651
