"hz","acceptance_rate","trans_prob_med","obs_size_med","E0_med","frac_neff_med","N_eff_med","R0_med","n_particles_used","loglik_var_at_n_prod","loglik_var_target","rhat_log_trans_prob","ess_bulk_log_trans_prob","ess_tail_log_trans_prob","rhat_log_obs_size","ess_bulk_log_obs_size","ess_tail_log_obs_size","rhat_log_E0","ess_bulk_log_E0","ess_tail_log_E0","rhat_logit_frac_neff","ess_bulk_logit_frac_neff","ess_tail_logit_frac_neff","cover_50","cover_95"
"goma",0.404907975460123,0.0412505748737725,7.29851219904434,21.0075715957087,0.0480839264441092,14237.4582843949,5.23934640408645,200,0.0648470483595776,2,1.0021533608101,3176.03428459309,4040.04503421309,1.00402550882165,1412.13305895608,1730.34857415895,1.00073680000873,3074.76189423779,3797.10767133232,1.00514244462406,1574.14817537743,1872.4987423251,0.5,0.847826086956522
