"scenario","infections","cases_symptomatic","deaths","doses","orc_treated","ctc_treated","infections_averted","cases_averted","deaths_averted","cost","dalys","cost_diff","dalys_averted","icer_cost_per_daly_averted","icer_cost_per_death_averted","mean_cost_vax","mean_cost_care","mean_cost_wash","nmb","inmb","hz"
"aa_response",16046.28,3998.02,97.7,0,275.18,1007.22,9238.88,2295.22,621.74,852294.521936496,2945.4147789589,767621.595861449,18660.4753685479,41.1362294207825,1234.63440644232,0,83329.4,768965.121936496,27223091.4569605,27223091.4569605,"goma"
"aa_response_plus_vaccine",15698.38,3913.4,98.46,2800,273.14,979.5,9586.78,2379.84,620.98,855656.521936496,2967.90968328767,770983.595861449,18637.9804642192,41.3662626882547,1241.5594638498,5600,81091.4,768965.121936496,27185987.1004673,27185987.1004673,"goma"
"fitted_response",25285.16,6293.24,719.44,0,114.12,408.8,0,0,0,84672.9260750471,21605.8901475068,0,0,NA,NA,0,33845.2,50827.7260750471,0,0,"goma"
"no_interventions",25521.32,6347.34,935.54,0,0,0,-236.16,-54.1000000000004,-216.1,0,28089.0852039452,-84672.9260750471,-6483.19505643836,NA,NA,0,0,0,-9640119.65858249,-9640119.65858249,"goma"
