"hz","obs_total","model_total","total_ratio","obs_peak","model_peak","peak_ratio","peak_wk_obs","peak_wk_mod","peak_wk_err","inf_needed","N_eff","rounds_needed","sat_min","sat_max"
"goma",1868,1450.71611002775,0.776614619929203,141,95.8321164901236,0.679660400639174,8,9,1,24906.6666666667,14237.4582843949,1.74937591873163,0.0431933898328287,0.694422819219508
