"hz","pop","tp_med","tp_lo","tp_hi","frac_med","frac_lo","frac_hi","R0_med","R0_lo","R0_hi","N_eff_med"
"goma",296096,0.0412505748737725,0.0297309318672545,0.0492775149182034,0.0480839264441092,0.0416681448312545,0.0546415895126136,5.23934640408645,3.89130646931357,6.34038323805899,14237.4582843949
