"hz","acceptance_rate","trans_prob_med","obs_size_med","E0_med","frac_neff_med","N_eff_med","R0_med","rhat_log_trans_prob","ess_bulk_log_trans_prob","ess_tail_log_trans_prob","rhat_log_obs_size","ess_bulk_log_obs_size","ess_tail_log_obs_size","rhat_log_E0","ess_bulk_log_E0","ess_tail_log_E0","rhat_logit_frac_neff","ess_bulk_logit_frac_neff","ess_tail_logit_frac_neff","cover_50","cover_95"
"goma",0.172134791499956,0.0410187845710698,7.2618337548054,23.2951578281021,0.0483587294150042,14318.8263448651,5.21667307621226,1.00286718892498,1220.35235069139,1551.47602219457,1.00478223731112,546.623253749233,816.947974429737,1.00302074089696,1195.03741433903,1343.43609778137,1.00406373122395,1032.07929396755,1254.34205864731,0.456521739130435,0.869565217391304
