"hz","acceptance_rate","trans_prob_med","obs_size_med","E0_med","frac_neff_med","N_eff_med","R0_med","rhat_log_trans_prob","ess_bulk_log_trans_prob","ess_tail_log_trans_prob","rhat_log_obs_size","ess_bulk_log_obs_size","ess_tail_log_obs_size","rhat_log_E0","ess_bulk_log_E0","ess_tail_log_E0","rhat_logit_frac_neff","ess_bulk_logit_frac_neff","ess_tail_logit_frac_neff","cover_50","cover_95"
"kindu",0.286476393704988,0.017184403579507,3.31084334614906,14.6108993804537,0.0744337938015988,15997.0876624582,3.36835720203509,1.00134264221147,1918.84027660095,2192.11291524912,1.00321607913944,994.497610984641,1640.89266132524,1.00134896525183,1632.29368299925,1838.44327091684,1.00080976903223,2047.57221927521,2669.3024640066,0.45,0.925
