"hz","pop","tp_med","tp_lo","tp_hi","frac_med","frac_lo","frac_hi","R0_med","R0_lo","R0_hi","N_eff_med"
"kindu",214917,0.0170978468399536,0.0106717757729177,0.0229366926865866,0.0751585761409089,0.0608302285986406,0.096642250684519,3.38557319789465,2.52277371730808,4.18750092937057,16152.8557084757
