"hz","pop","tp_med","tp_lo","tp_hi","frac_med","frac_lo","frac_hi","R0_med","R0_lo","R0_hi","N_eff_med"
"kindu",214917,0.017184403579507,0.0106858565695597,0.0231732315615144,0.0744337938015988,0.0605166458386003,0.0954885836541819,3.36835720203509,2.45892606606681,4.28452196844776,15997.0876624582
