"scenario","infections","cases_symptomatic","deaths","doses","orc_treated","ctc_treated","infections_averted","cases_averted","deaths_averted","cost","dalys","cost_diff","dalys_averted","icer_cost_per_daly_averted","icer_cost_per_death_averted","mean_cost_vax","mean_cost_care","mean_cost_wash","nmb","inmb","hz"
"aa_response",15776.5,3928.58,132.02,0,251.96,908.48,6704.12,1642.06,439.8,791387.614648254,3974.76441446575,695236.60782965,13199.920413589,52.6697575474712,1580.80174586096,0,75198,716189.614648254,19104644.0125539,19104644.0125539,"kindu"
"aa_response_plus_vaccine",15244.04,3786.16,129.36,3192,240.18,877.26,7236.58,1784.48,442.46,795156.214648254,3894.45092208219,699005.20782965,13280.2339059726,52.6350072430036,1579.81559424502,6384,72582.6,716189.614648254,19221345.6511292,19221345.6511292,"kindu"
"fitted_response",22480.62,5570.64,571.82,0,137.72,484.8,0,0,0,96151.0068186037,17174.6848280548,0,0,NA,NA,0,40161.2,55989.8068186037,0,0,"kindu"
"no_interventions",22843.98,5681.12,837.02,0,0,0,-363.360000000001,-110.48,-265.2,0,25131.0831614247,-96151.0068186037,-7956.39833336986,NA,NA,0,0,0,-11838446.4932362,-11838446.4932362,"kindu"
