"hz","obs_total","model_total","total_ratio","obs_peak","model_peak","peak_ratio","peak_wk_obs","peak_wk_mod","peak_wk_err","inf_needed","N_eff","rounds_needed","sat_min","sat_max"
"kindu",1644,1225.08405862482,0.745184950501715,155,55.9050780650517,0.360677923000333,14,12,-2,21920,16152.8557084757,1.35703558526175,0.037923691438302,0.603605611884214
