"hz","acceptance_rate","trans_prob_med","obs_size_med","E0_med","frac_neff_med","N_eff_med","R0_med","rhat_log_trans_prob","ess_bulk_log_trans_prob","ess_tail_log_trans_prob","rhat_log_obs_size","ess_bulk_log_obs_size","ess_tail_log_obs_size","rhat_log_E0","ess_bulk_log_E0","ess_tail_log_E0","rhat_logit_frac_neff","ess_bulk_logit_frac_neff","ess_tail_logit_frac_neff","cover_50","cover_95"
"kingabwa",0.218013692540233,0.000465388211669718,1.19970071084638,92.9380834880858,0.618750013448149,177627.660110627,0.757665121582766,1.02696151669347,204.347955112438,735.521798324081,1.01191493976313,557.130974726537,542.784272252385,1.00726754743034,558.818689002795,812.685311513849,1.02605418225075,214.097177184612,814.235254934429,0.407407407407407,1
