"hz","acceptance_rate","trans_prob_med","obs_size_med","E0_med","frac_neff_med","N_eff_med","R0_med","n_particles_used","loglik_var_at_n_prod","loglik_var_target","rhat_log_trans_prob","ess_bulk_log_trans_prob","ess_tail_log_trans_prob","rhat_log_obs_size","ess_bulk_log_obs_size","ess_tail_log_obs_size","rhat_log_E0","ess_bulk_log_E0","ess_tail_log_E0","rhat_logit_frac_neff","ess_bulk_logit_frac_neff","ess_tail_logit_frac_neff","cover_50","cover_95"
"kingabwa",0.226816039832844,0.000388291917335642,1.2300259065126,97.7791050985076,0.784378055993453,225175.33042432,0.763432095293909,200,0.0746659972188203,2,1.05265441763228,74.2376135235479,265.799886727091,1.006615652204,628.436105047477,525.476672764278,1.00960440825003,478.414065468474,767.602886861739,1.05681456940958,54.2446589699811,248.934994763247,0.37037037037037,1
