"hz","obs_total","model_total","total_ratio","obs_peak","model_peak","peak_ratio","peak_wk_obs","peak_wk_mod","peak_wk_err","inf_needed","N_eff","rounds_needed","sat_min","sat_max"
"kingabwa",203,193.107207915714,0.951267034067556,22,10.30922585367,0.468601175166818,4,12,8,2706.66666666667,225175.33042432,0.012020262883888,0.0852534172753685,0.229229322974794
