"hz","obs_total","model_total","total_ratio","obs_peak","model_peak","peak_ratio","peak_wk_obs","peak_wk_mod","peak_wk_err","inf_needed","N_eff","rounds_needed","sat_min","sat_max"
"kingabwa",203,176.154953006735,0.867758389195737,22,9.32828335448287,0.424012879749221,4,12,8,2706.66666666667,177627.660110627,0.0152378670359163,0.0846212814801912,0.22066308404046
