"hz","pop","tp_med","tp_lo","tp_hi","frac_med","frac_lo","frac_hi","R0_med","R0_lo","R0_hi","N_eff_med"
"kingabwa",287075,0.000388291917335642,0.000214723784923314,0.0244882211599558,0.784378055993453,0.0174970699069746,0.946257768594657,0.763432095293909,0.501431277142848,1.19605393992376,225175.33042432
