"hz","pop","tp_med","tp_lo","tp_hi","frac_med","frac_lo","frac_hi","R0_med","R0_lo","R0_hi","N_eff_med"
"kingabwa",287075,0.000465388211669718,0.000212631262609329,0.0313807393706223,0.618750013448149,0.0143400064650157,0.944880482476899,0.757665121582766,0.489599174795619,1.25287572054076,177627.660110627
