"hz","acceptance_rate","trans_prob_med","obs_size_med","E0_med","frac_neff_med","N_eff_med","R0_med","n_particles_used","loglik_var_at_n_prod","loglik_var_target","rhat_log_trans_prob","ess_bulk_log_trans_prob","ess_tail_log_trans_prob","rhat_log_obs_size","ess_bulk_log_obs_size","ess_tail_log_obs_size","rhat_log_E0","ess_bulk_log_E0","ess_tail_log_E0","rhat_logit_frac_neff","ess_bulk_logit_frac_neff","ess_tail_logit_frac_neff","cover_50","cover_95"
"kirotshe",0.104383391126523,0.00168538132521699,4.41759119338477,27.4150945756897,0.41380523082285,213416.323549808,1.90083393682911,200,0.0755945189522011,2,1.01757301767652,181.612299023861,259.93502283364,1.01290474133226,316.942255053052,556.113918219062,1.00828420522287,333.727144942346,410.029253232286,1.00803079449094,174.072883432872,232.867817025874,0.434782608695652,0.847826086956522
