"hz","obs_total","model_total","total_ratio","obs_peak","model_peak","peak_ratio","peak_wk_obs","peak_wk_mod","peak_wk_err","inf_needed","N_eff","rounds_needed","sat_min","sat_max"
"kirotshe",2911,1921.78790739825,0.660181349157763,164,96.1600763635916,0.58634192904629,46,46,0,38813.3333333333,213416.323549808,0.181866750807723,0.0300951286815423,0.581175951890624
