"scenario","infections","cases_symptomatic","deaths","doses","orc_treated","ctc_treated","infections_averted","cases_averted","deaths_averted","cost","dalys","cost_diff","dalys_averted","icer_cost_per_daly_averted","icer_cost_per_death_averted","mean_cost_vax","mean_cost_care","mean_cost_wash","nmb","inmb","hz"
"aa_response",8264.08,2065.2,90.72,0,121.28,436.42,54916.7,13484.7,1770.64,10412428.0509917,2729.04603616438,8679451.47436116,53167.8188087671,163.246333380333,4901.87247230445,0,36126.4,10376301.6509917,71072276.7387895,71072276.7387895,"kirotshe"
"aa_response_plus_vaccine",7429.52,1857.46,86.26,42672,104.62,385.28,55751.26,13692.44,1775.1,10493514.2509917,2594.49703386301,8760537.67436116,53302.3678110685,164.355506783734,4935.23614126593,85344,31868.6,10376301.6509917,71193014.0422416,71193014.0422416,"kirotshe"
"fitted_response",63180.78,15549.9,1861.36,0,199.58,722.46,0,0,0,1732976.57663049,55896.8648449315,0,0,NA,NA,0,59792.6,1673183.97663049,0,0,"kirotshe"
"no_interventions",82986.04,20499.28,2973.46,0,0,0,-19805.26,-4949.38,-1112.1,0,89277.7097328219,-1732976.57663049,-33380.8448878904,NA,NA,0,0,0,-48338290.7552051,-48338290.7552051,"kirotshe"
