"hz","pop","tp_med","tp_lo","tp_hi","frac_med","frac_lo","frac_hi","R0_med","R0_lo","R0_hi","N_eff_med"
"kirotshe",515741,0.00168538132521699,0.000715334635437893,0.00972544561159939,0.41380523082285,0.0970634057247795,0.934446428218585,1.90083393682911,1.68754768090532,2.37178713179967,213416.323549808
