"hz","acceptance_rate","trans_prob_med","obs_size_med","E0_med","frac_neff_med","N_eff_med","R0_med","rhat_log_trans_prob","ess_bulk_log_trans_prob","ess_tail_log_trans_prob","rhat_log_obs_size","ess_bulk_log_obs_size","ess_tail_log_obs_size","rhat_log_E0","ess_bulk_log_E0","ess_tail_log_E0","rhat_logit_frac_neff","ess_bulk_logit_frac_neff","ess_tail_logit_frac_neff","cover_50","cover_95"
"kirotshe",0.115853116386592,0.00173135559932291,4.45627885496074,29.7641181265355,0.396786557939772,204639.096178416,1.84405712719564,1.01477862992532,225.226512794405,185.683923204925,1.0013989199574,317.718884767426,427.838265952986,1.01010308020881,427.786121221873,518.134138808831,1.03377763318603,197.542815095565,139.043199763215,0.434782608695652,0.826086956521739
