"hz","pop","tp_med","tp_lo","tp_hi","frac_med","frac_lo","frac_hi","R0_med","R0_lo","R0_hi","N_eff_med"
"kokolo",367000,0.00142408278045407,0.000164004131285082,0.049384810323715,0.138578735580198,0.0114095817793173,0.947719730664756,0.600741740864653,0.405157985227596,1.9610465319154,50858.3959579327
