"hz","acceptance_rate","trans_prob_med","obs_size_med","E0_med","frac_neff_med","N_eff_med","R0_med","rhat_log_trans_prob","ess_bulk_log_trans_prob","ess_tail_log_trans_prob","rhat_log_obs_size","ess_bulk_log_obs_size","ess_tail_log_obs_size","rhat_log_E0","ess_bulk_log_E0","ess_tail_log_E0","rhat_logit_frac_neff","ess_bulk_logit_frac_neff","ess_tail_logit_frac_neff","cover_50","cover_95"
"kokolo",0.297768293767227,0.00142408278045407,1.11848927282274,531.805396279973,0.138578735580198,50858.3959579327,0.600741740864653,1.54858557547146,5.2482081798884,121.356302064827,1.04218721785863,75.5823190056581,882.334984789393,1.1089453350782,18.2733045251467,461.944251811393,1.55247609007824,5.37629043551055,92.1854928288633,0.533333333333333,0.9
