"hz","pop","tp_med","tp_lo","tp_hi","frac_med","frac_lo","frac_hi","R0_med","R0_lo","R0_hi","N_eff_med"
"kokolo",367000,0.000263009740372287,0.000167846762417145,0.0492053499252235,0.830029470385113,0.0114959293224181,0.947953315777303,0.567183219174002,0.409313652211964,1.93546571114613,304620.815631336
