"hz","acceptance_rate","trans_prob_med","obs_size_med","E0_med","frac_neff_med","N_eff_med","R0_med","n_particles_used","loglik_var_at_n_prod","loglik_var_target","rhat_log_trans_prob","ess_bulk_log_trans_prob","ess_tail_log_trans_prob","rhat_log_obs_size","ess_bulk_log_obs_size","ess_tail_log_obs_size","rhat_log_E0","ess_bulk_log_E0","ess_tail_log_E0","rhat_logit_frac_neff","ess_bulk_logit_frac_neff","ess_tail_logit_frac_neff","cover_50","cover_95"
"kokolo",0.306481728460923,0.000263009740372287,1.09851489281913,533.681152683875,0.830029470385113,304620.815631336,0.567183219174002,200,0.0319067152884478,2,1.25908772059527,8.71816997664618,188.484774722255,1.01533752777793,216.433995273999,698.542338631971,1.06639819130921,30.9019756876315,659.299113221934,1.26015394376843,8.64224417490409,436.16787142489,0.533333333333333,0.933333333333333
