"scenario","infections","cases_symptomatic","deaths","doses","orc_treated","ctc_treated","infections_averted","cases_averted","deaths_averted","cost","dalys","cost_diff","dalys_averted","icer_cost_per_daly_averted","icer_cost_per_death_averted","mean_cost_vax","mean_cost_care","mean_cost_wash","nmb","inmb","hz"
"aa_response",2160.66,669.46,70.24,0,22.96,88.26,2299.3,570.54,55.38,12237816.1475982,2109.61372427397,8601326.44158525,1663.45707024658,5170.75348407415,155314.670306704,0,7290.4,12230525.7475982,-6106140.83621539,-6106140.83621539,"kokolo"
"aa_response_plus_vaccine",2133.16,667.62,70.78,60816,22.88,85.6,2326.8,572.38,54.84,12359234.5475982,2125.80709019178,8722744.84158525,1647.26370432877,5295.29353355092,159058.075156551,121632,7076.8,12230525.7475982,-6251849.2850921,-6251849.2850921,"kokolo"
"fitted_response",4459.96,1240,125.62,0,37.4,139.1,0,0,0,3636489.7060129,3773.07079452055,0,0,NA,NA,0,11502,3624987.7060129,0,0,"kokolo"
"no_interventions",8586.72,2258.84,339.16,0,0,0,-4126.76,-1018.84,-213.54,0,10182.9442012055,-3636489.7060129,-6409.87340668493,NA,NA,0,0,0,-5978320.40401449,-5978320.40401449,"kokolo"
