"scenario","infections","cases_symptomatic","deaths","doses","orc_treated","ctc_treated","infections_averted","cases_averted","deaths_averted","cost","dalys","cost_diff","dalys_averted","icer_cost_per_daly_averted","icer_cost_per_death_averted","mean_cost_vax","mean_cost_care","mean_cost_wash","nmb","inmb","hz"
"aa_response",1867.68,598.78,64.34,0,22.24,77.74,1755.04,438.24,48.2,2048406.197711,1932.3588889863,1433511.4858116,1447.58006531507,990.281311658981,29740.9021952614,0,6441.6,2041964.597711,737858.612161003,737858.612161003,"kokolo"
"aa_response_plus_vaccine",1811.58,580.86,62.78,10164,19.96,72.74,1811.14,456.16,49.76,2068311.397711,1885.49427879452,1453416.6858116,1494.44467550685,972.546330842703,29208.534682709,20328,6018.8,2041964.597711,788250.327448674,788250.327448674,"kokolo"
"fitted_response",3622.72,1037.02,112.54,0,32.46,116.94,0,0,0,614894.7118994,3379.93895430137,0,0,NA,NA,0,9679.8,605214.9118994,0,0,"kokolo"
"no_interventions",6359.2,1704.76,266.28,0,0,0,-2736.48,-667.74,-153.74,0,7994.54647715068,-614894.7118994,-4614.60752284932,NA,NA,0,0,0,-6307016.57237457,-6307016.57237457,"kokolo"
