"hz","acceptance_rate","trans_prob_med","obs_size_med","E0_med","frac_neff_med","N_eff_med","R0_med","n_particles_used","loglik_var_at_n_prod","loglik_var_target","rhat_log_trans_prob","ess_bulk_log_trans_prob","ess_tail_log_trans_prob","rhat_log_obs_size","ess_bulk_log_obs_size","ess_tail_log_obs_size","rhat_log_E0","ess_bulk_log_E0","ess_tail_log_E0","rhat_logit_frac_neff","ess_bulk_logit_frac_neff","ess_tail_logit_frac_neff","cover_50","cover_95"
"limete",0.318307104116653,0.00108834441648978,1.06789922521942,21.6625439649771,0.644654283295979,165692.911818432,1.87367056141116,200,0.0482309780399201,2,1.00499210723347,318.984469367482,248.02037117747,1.00095099918858,961.088705717716,686.908433028891,1.00292142757655,989.866103082058,1170.44353602856,1.00560571722408,303.334690168969,252.910227985236,0.258064516129032,0.806451612903226
