"hz","pop","tp_med","tp_lo","tp_hi","frac_med","frac_lo","frac_hi","R0_med","R0_lo","R0_hi","N_eff_med"
"limete",257026,0.00108834441648978,0.000653413200556551,0.0081186591902015,0.644654283295979,0.105557155811962,0.94561028059916,1.87367056141116,1.521642175674,2.40052674315543,165692.911818432
