"hz","acceptance_rate","trans_prob_med","obs_size_med","E0_med","frac_neff_med","N_eff_med","R0_med","rhat_log_trans_prob","ess_bulk_log_trans_prob","ess_tail_log_trans_prob","rhat_log_obs_size","ess_bulk_log_obs_size","ess_tail_log_obs_size","rhat_log_E0","ess_bulk_log_E0","ess_tail_log_E0","rhat_logit_frac_neff","ess_bulk_logit_frac_neff","ess_tail_logit_frac_neff","cover_50","cover_95"
"limete",0.287987907886548,0.00103863648163376,1.07499652452284,24.6492172684728,0.652182489795358,167627.856622142,1.81028100964784,1.00458679140758,525.785615647979,345.537794060261,1.00865475341671,630.193739180468,606.412041684057,1.00984301554645,764.088727791529,936.464745452741,1.00443337534849,515.974998165024,369.812436546137,0.354838709677419,0.806451612903226
