"hz","pop","tp_med","tp_lo","tp_hi","frac_med","frac_lo","frac_hi","R0_med","R0_lo","R0_hi","N_eff_med"
"limete",257026,0.00103863648163376,0.000631962838916451,0.00712128655542242,0.652182489795358,0.108597180112562,0.945244169801863,1.81028100964784,1.4596564674059,2.31840544721304,167627.856622142
