"hz","obs_total","model_total","total_ratio","obs_peak","model_peak","peak_ratio","peak_wk_obs","peak_wk_mod","peak_wk_err","inf_needed","N_eff","rounds_needed","sat_min","sat_max"
"limete",879,687.324442076467,0.781939069484035,91,32.5819613658772,0.358043531493156,7,24,17,11720,167627.856622142,0.0699167801591512,0.0524038299431755,0.41189659895705
