"scenario","infections","cases_symptomatic","deaths","doses","orc_treated","ctc_treated","infections_averted","cases_averted","deaths_averted","cost","dalys","cost_diff","dalys_averted","icer_cost_per_daly_averted","icer_cost_per_death_averted","mean_cost_vax","mean_cost_care","mean_cost_wash","nmb","inmb","hz"
"aa_response",3538.18,891.02,35.9,0,53.12,195.86,17739.16,4293.4,415.44,6617384.99377994,1080.21255430137,4472176.55030451,12478.6797654795,358.385392874346,10764.9156323525,0,16200,6601184.99377994,14245843.0979147,14245843.0979147,"limete"
"aa_response_plus_vaccine",3083.14,770.68,31.84,33516,44.76,165.08,18194.2,4413.74,419.5,6681870.99377994,957.97867090411,4536662.55030451,12600.9136488767,360.026477183971,10814.4518481633,67032,13654,6601184.99377994,14364707.9230106,14364707.9230106,"limete"
"fitted_response",21277.34,5184.42,451.34,0,146.18,542.12,0,0,0,2145208.44347544,13558.8923197808,0,0,NA,NA,0,44831.4,2100377.04347544,0,0,"limete"
"no_interventions",34597.08,8510.66,1215.4,0,0,0,-13319.74,-3326.24,-764.06,0,36492.6850097534,-2145208.44347544,-22933.7926899726,NA,NA,0,0,0,-32255480.5914835,-32255480.5914835,"limete"
