"hz","acceptance_rate","trans_prob_med","obs_size_med","E0_med","frac_neff_med","N_eff_med","R0_med","rhat_log_trans_prob","ess_bulk_log_trans_prob","ess_tail_log_trans_prob","rhat_log_obs_size","ess_bulk_log_obs_size","ess_tail_log_obs_size","rhat_log_E0","ess_bulk_log_E0","ess_tail_log_E0","rhat_logit_frac_neff","ess_bulk_logit_frac_neff","ess_tail_logit_frac_neff","cover_50","cover_95"
"maluku_i",0.207433093269316,0.0229189362640782,1.4100256613962,345.150072080323,0.0202712761684753,4992.12609690574,1.08836390469543,1.00507971627537,510.665005242435,807.937820401279,1.00324642584601,624.544795743752,558.088256599384,1.00317322343006,439.124668961636,571.7128284116,1.00408792442335,470.687144147173,850.2682013493,0.6,0.96
