"scenario","infections","cases_symptomatic","deaths","doses","orc_treated","ctc_treated","infections_averted","cases_averted","deaths_averted","cost","dalys","cost_diff","dalys_averted","icer_cost_per_daly_averted","icer_cost_per_death_averted","mean_cost_vax","mean_cost_care","mean_cost_wash","nmb","inmb","hz"
"aa_response",1380.98,462.42,48.84,0,17.44,64.4,1277.66,315.06,26.86,8333653.91307655,1466.86724580822,6500852.39734465,806.935942356165,8056.21866137586,242027.267213129,0,5326.4,8328327.51307655,-5290448.4838104,-5290448.4838104,"maluku_i"
"aa_response_plus_vaccine",1344.46,448.38,48.08,44912,16.48,59.62,1314.18,329.1,27.62,8423085.91307655,1444.01662487671,6590284.39734465,829.786563287671,7942.14402705376,238605.517644629,89824,4934.4,8328327.51307655,-5345604.55241314,-5345604.55241314,"maluku_i"
"fitted_response",2658.64,777.48,75.7,0,26.18,103.26,0,0,0,1832801.5157319,2273.80318816438,0,0,NA,NA,0,8522.6,1824278.9157319,0,0,"maluku_i"
"no_interventions",4989.98,1356.38,210.14,0,0,0,-2331.34,-578.9,-134.44,0,6309.09040021918,-1832801.5157319,-4035.28721205479,NA,NA,0,0,0,-4220129.30235029,-4220129.30235029,"maluku_i"
