"hz","pop","tp_med","tp_lo","tp_hi","frac_med","frac_lo","frac_hi","R0_med","R0_lo","R0_hi","N_eff_med"
"maluku_i",246266,0.000225030367307885,0.0001583276607645,0.000399926786743766,0.912285460030974,0.644723077545973,0.948168713569833,0.538590073118525,0.387672563648069,0.816594868605167,224664.891099988
