"scenario","infections","cases_symptomatic","deaths","doses","orc_treated","ctc_treated","infections_averted","cases_averted","deaths_averted","cost","dalys","cost_diff","dalys_averted","icer_cost_per_daly_averted","icer_cost_per_death_averted","mean_cost_vax","mean_cost_care","mean_cost_wash","nmb","inmb","hz"
"aa_response",2073.38,602.36,49.16,0,26.86,97.08,1514.44,375.32,40.08,193093.114412296,1476.97179660274,142252.850505421,1203.75320854795,118.174431017315,3549.22281700153,0,8035,185058.114412296,1663376.9623165,1663376.9623165,"maluku_i"
"aa_response_plus_vaccine",1991.02,582.48,49.84,980,24.22,93.76,1596.8,395.2,39.4,194761.114412296,1497.30011967123,143920.850505421,1183.42488547945,121.613844926975,3652.8134646046,1960,7743,185058.114412296,1631216.47771376,1631216.47771376,"maluku_i"
"fitted_response",3587.82,977.68,89.24,0,29.46,125.12,0,0,0,50840.2639068746,2680.72500515068,0,0,NA,NA,0,10304.2,40536.0639068746,0,0,"maluku_i"
"no_interventions",4696.18,1253.36,195.14,0,0,0,-1108.36,-275.68,-105.9,0,5858.71896372603,-50840.2639068746,-3177.99395857534,NA,NA,0,0,0,-4716150.67395614,-4716150.67395614,"maluku_i"
