"hz","pop","tp_med","tp_lo","tp_hi","frac_med","frac_lo","frac_hi","R0_med","R0_lo","R0_hi","N_eff_med"
"maluku_i",246266,0.0229189362640782,0.000187507394856728,0.0487451941741429,0.0202712761684753,0.0121381548554813,0.940257025681091,1.08836390469543,0.430285729453883,2.12160468844055,4992.12609690574
