"hz","obs_total","model_total","total_ratio","obs_peak","model_peak","peak_ratio","peak_wk_obs","peak_wk_mod","peak_wk_err","inf_needed","N_eff","rounds_needed","sat_min","sat_max"
"maluku_i",212,241.948816224831,1.14126800106052,90,28.4854324665556,0.316504805183951,3,1,-2,2826.66666666667,4992.12609690574,0.566225013510519,0.0876094112147139,0.461274860275346
