"hz","obs_total","model_total","total_ratio","obs_peak","model_peak","peak_ratio","peak_wk_obs","peak_wk_mod","peak_wk_err","inf_needed","N_eff","rounds_needed","sat_min","sat_max"
"ngiri_ngiri",218,162.125117339289,0.743693198804077,23,7.8326768210554,0.340551166132843,8,20,12,2906.66666666667,122698.237915574,0.0236895550909759,0.0334171417871326,0.150909596941379
