"hz","acceptance_rate","trans_prob_med","obs_size_med","E0_med","frac_neff_med","N_eff_med","R0_med","n_particles_used","loglik_var_at_n_prod","loglik_var_target","rhat_log_trans_prob","ess_bulk_log_trans_prob","ess_tail_log_trans_prob","rhat_log_obs_size","ess_bulk_log_obs_size","ess_tail_log_obs_size","rhat_log_E0","ess_bulk_log_E0","ess_tail_log_E0","rhat_logit_frac_neff","ess_bulk_logit_frac_neff","ess_tail_logit_frac_neff","cover_50","cover_95"
"ngiri_ngiri",0.230550368987285,0.000910272691551579,1.47728447085381,13.3427454357882,0.55238622533168,122698.237915574,1.32382250885319,200,0.0512279245417104,2,1.00433166196294,408.125088148237,468.148078709884,1.00101857386224,691.044565392054,849.28012656911,1.00200960747389,850.620864899228,1074.51037453523,1.00494873498001,343.568729251099,412.011856736384,0.451612903225806,0.903225806451613
