"hz","acceptance_rate","trans_prob_med","obs_size_med","E0_med","frac_neff_med","N_eff_med","R0_med","rhat_log_trans_prob","ess_bulk_log_trans_prob","ess_tail_log_trans_prob","rhat_log_obs_size","ess_bulk_log_obs_size","ess_tail_log_obs_size","rhat_log_E0","ess_bulk_log_E0","ess_tail_log_E0","rhat_logit_frac_neff","ess_bulk_logit_frac_neff","ess_tail_logit_frac_neff","cover_50","cover_95"
"ngiri_ngiri",0.207522005868232,0.000836006560686012,1.46929026356598,13.904264189806,0.577464552101341,128268.736170958,1.28121387589279,1.00287168430644,553.362657523616,744.426174066969,1.00626890372163,690.693686105665,664.773719233475,1.00076983680239,789.722982165706,1044.90274740262,1.00580483920737,442.191226503526,563.689313928807,0.451612903225806,0.935483870967742
