"hz","pop","tp_med","tp_lo","tp_hi","frac_med","frac_lo","frac_hi","R0_med","R0_lo","R0_hi","N_eff_med"
"ngiri_ngiri",222124,0.000910272691551579,0.000470083681161577,0.0140995017810575,0.55238622533168,0.0394171680042715,0.943918620890481,1.32382250885319,1.07942304097649,1.62958799382924,122698.237915574
