"hz","obs_total","model_total","total_ratio","obs_peak","model_peak","peak_ratio","peak_wk_obs","peak_wk_mod","peak_wk_err","inf_needed","N_eff","rounds_needed","sat_min","sat_max"
"ngiri_ngiri",218,160.727805168131,0.737283509945557,23,7.81883731257157,0.339949448372677,8,20,12,2906.66666666667,128268.736170958,0.0226607570436542,0.0345103085470063,0.158285480855343
