"hz","pop","tp_med","tp_lo","tp_hi","frac_med","frac_lo","frac_hi","R0_med","R0_lo","R0_hi","N_eff_med"
"ngiri_ngiri",222124,0.000836006560686012,0.000456845589590721,0.0140954545718282,0.577464552101341,0.0403054487350924,0.946365879950695,1.28121387589279,1.04032042354294,1.58160364592264,128268.736170958
