"scenario","infections","cases_symptomatic","deaths","doses","orc_treated","ctc_treated","infections_averted","cases_averted","deaths_averted","cost","dalys","cost_diff","dalys_averted","icer_cost_per_daly_averted","icer_cost_per_death_averted","mean_cost_vax","mean_cost_care","mean_cost_wash","nmb","inmb","hz"
"aa_response",25386.18,6357.04,721.18,0,130.14,472.42,4965.76,1157.76,133.76,1607692.1227352,21658.3201770959,1348039.74657069,4016.97427989041,335.585854586918,10078.0483445775,0,39095,1568597.1227352,4677421.67326493,4677421.67326493,"nyiragongo"
"aa_response_plus_vaccine",24801.22,6225.38,713.26,10948,120.82,438.84,5550.72,1289.42,141.68,1626808.5227352,21420.2454796712,1367156.14657069,4255.04897731507,321.3020940204,9649.60577760228,21896,36315.4,1568597.1227352,5015417.31940191,5015417.31940191,"nyiragongo"
"fitted_response",30351.94,7514.8,854.94,0,126.06,446.46,0,0,0,259652.376164507,25675.2944569863,0,0,NA,NA,0,36977.4,222674.976164507,0,0,"nyiragongo"
"no_interventions",38037.52,9439.4,1378.94,0,0,0,-7685.58,-1924.6,-524,0,41402.2335627397,-259652.376164507,-15726.9391057534,NA,NA,0,0,0,-23330756.2824656,-23330756.2824656,"nyiragongo"
