"hz","acceptance_rate","trans_prob_med","obs_size_med","E0_med","frac_neff_med","N_eff_med","R0_med","n_particles_used","loglik_var_at_n_prod","loglik_var_target","rhat_log_trans_prob","ess_bulk_log_trans_prob","ess_tail_log_trans_prob","rhat_log_obs_size","ess_bulk_log_obs_size","ess_tail_log_obs_size","rhat_log_E0","ess_bulk_log_E0","ess_tail_log_E0","rhat_logit_frac_neff","ess_bulk_logit_frac_neff","ess_tail_logit_frac_neff","cover_50","cover_95"
"nyiragongo",0.255179158886814,0.00368147495098608,7.84324256947329,93.4936647868148,0.133395277823938,67986.6374815819,1.30668166915549,200,0.0748933789671481,2,1.12875353256709,18.7102225503255,46.0688075033982,1.0025729548119,759.711406874698,1194.00339185708,1.04343828252226,65.9965116219649,378.277201184294,1.12919672039065,18.8732165987456,45.5404422915538,0.456521739130435,0.934782608695652
