"hz","pop","tp_med","tp_lo","tp_hi","frac_med","frac_lo","frac_hi","R0_med","R0_lo","R0_hi","N_eff_med"
"nyiragongo",509663,0.00368147495098608,0.000636273011162816,0.0133382479337522,0.133395277823938,0.0485506913152435,0.686041699993514,1.30668166915549,1.11444286191976,1.75271003393564,67986.6374815819
