"hz","acceptance_rate","trans_prob_med","obs_size_med","E0_med","frac_neff_med","N_eff_med","R0_med","rhat_log_trans_prob","ess_bulk_log_trans_prob","ess_tail_log_trans_prob","rhat_log_obs_size","ess_bulk_log_obs_size","ess_tail_log_obs_size","rhat_log_E0","ess_bulk_log_E0","ess_tail_log_E0","rhat_logit_frac_neff","ess_bulk_logit_frac_neff","ess_tail_logit_frac_neff","cover_50","cover_95"
"nyiragongo",0.257668711656442,0.00450390672136151,8.23485498307921,96.2440466298347,0.107612389446535,54846.0532424895,1.2990945434885,1.03797167560269,78.6414966950735,32.2014175381653,1.00492283653466,788.26930610868,1109.20831453669,1.010914216397,438.368265270837,562.145109827583,1.03760130644448,78.1715683520663,29.4567545108639,0.456521739130435,0.91304347826087
