"hz","obs_total","model_total","total_ratio","obs_peak","model_peak","peak_ratio","peak_wk_obs","peak_wk_mod","peak_wk_err","inf_needed","N_eff","rounds_needed","sat_min","sat_max"
"nyiragongo",1369,1129.37650628414,0.824964577271103,55,38.7765765215478,0.705028664028141,35,46,11,18253.3333333333,67986.6374815819,0.268484131727772,0.0952244672589503,0.366404031363237
