"hz","acceptance_rate","trans_prob_med","obs_size_med","E0_med","frac_neff_med","N_eff_med","R0_med","rhat_log_trans_prob","ess_bulk_log_trans_prob","ess_tail_log_trans_prob","rhat_log_obs_size","ess_bulk_log_obs_size","ess_tail_log_obs_size","rhat_log_E0","ess_bulk_log_E0","ess_tail_log_E0","rhat_logit_frac_neff","ess_bulk_logit_frac_neff","ess_tail_logit_frac_neff","cover_50","cover_95"
"opala",0.519427402862986,0.0230307214448497,1.24360413928411,61.0455381984253,0.081675034086777,11360.7522163684,4.72217328607798,1.01198668124406,442.503879774585,156.12367900737,1.00134157339922,1753.02857712085,2360.02420181504,1.00604942807793,1038.94083984071,1806.63773980012,1.01122866110676,503.564869251273,153.614108677466,0.346153846153846,0.923076923076923
