"hz","obs_total","model_total","total_ratio","obs_peak","model_peak","peak_ratio","peak_wk_obs","peak_wk_mod","peak_wk_err","inf_needed","N_eff","rounds_needed","sat_min","sat_max"
"opala",1279,853.957448257761,0.667675878231244,134,57.3089298835295,0.42767858122037,3,8,5,17053.3333333333,11360.7522163684,1.50107431343878,0.209396336862824,0.732800528044009
