"scenario","infections","cases_symptomatic","deaths","doses","orc_treated","ctc_treated","infections_averted","cases_averted","deaths_averted","cost","dalys","cost_diff","dalys_averted","icer_cost_per_daly_averted","icer_cost_per_death_averted","mean_cost_vax","mean_cost_care","mean_cost_wash","nmb","inmb","hz"
"aa_response",12595.34,3149.5,87.82,0,218.08,772.6,3786.5,924.9,335.66,512524.156681318,2645.95545753425,446185.963012679,10073.1347079452,44.2946486817802,1329.27951800238,0,63988.8,448535.356681318,14663516.0989051,14663516.0989051,"opala"
"aa_response_plus_vaccine",12282.68,3066.16,84.68,2240,208.76,751.86,4099.16,1008.24,338.8,515251.756681318,2551.45497687671,448913.563012679,10167.6351886027,44.1512263850578,1325.01051656635,4480,62236.4,448535.356681318,14802539.2198914,14802539.2198914,"opala"
"fitted_response",16381.84,4074.4,423.48,0,98.12,359.54,0,0,0,66338.193668639,12719.0901654795,0,0,NA,NA,0,29744.4,36593.793668639,0,0,"opala"
"no_interventions",16520.02,4124.34,606.46,0,0,0,-138.18,-49.9400000000001,-182.98,0,18208.6702231233,-66338.193668639,-5489.58005764384,NA,NA,0,0,0,-8168031.89279711,-8168031.89279711,"opala"
