"hz","acceptance_rate","trans_prob_med","obs_size_med","E0_med","frac_neff_med","N_eff_med","R0_med","n_particles_used","loglik_var_at_n_prod","loglik_var_target","rhat_log_trans_prob","ess_bulk_log_trans_prob","ess_tail_log_trans_prob","rhat_log_obs_size","ess_bulk_log_obs_size","ess_tail_log_obs_size","rhat_log_E0","ess_bulk_log_E0","ess_tail_log_E0","rhat_logit_frac_neff","ess_bulk_logit_frac_neff","ess_tail_logit_frac_neff","cover_50","cover_95"
"opala",0.492042322397084,0.0223682089448378,1.22579568564395,59.3862920583448,0.0835178138645945,11617.0773551235,4.69550128871627,200,0.0148819247141578,2,1.09714996571527,23.2171342422701,26.1975060569872,1.01497333971919,429.601185130337,1518.50968063799,1.0691431089424,31.5413016372952,64.9629973091543,1.09828042292046,23.5342580859498,25.499016771374,0.307692307692308,0.923076923076923
