"scenario","infections","cases_symptomatic","deaths","doses","orc_treated","ctc_treated","infections_averted","cases_averted","deaths_averted","cost","dalys","cost_diff","dalys_averted","icer_cost_per_daly_averted","icer_cost_per_death_averted","mean_cost_vax","mean_cost_care","mean_cost_wash","nmb","inmb","hz"
"aa_response",12663.96,3157.4,86.32,0,214.06,776.48,3456.54,855.02,326.46,502897.643064078,2600.98394082192,437054.273583326,9796.8827570411,44.6115651704836,1338.76822147683,0,64259,438638.643064078,14258269.8619783,14258269.8619783,"opala"
"aa_response_plus_vaccine",12402.82,3088.14,84.66,2268,204.24,758.34,3717.68,924.28,328.12,505884.243064078,2550.93422531507,440040.873583326,9846.93247254795,44.688117320811,1341.09738383313,4536,62709.6,438638.643064078,14330357.8352386,14330357.8352386,"opala"
"fitted_response",16120.5,4012.42,412.78,0,97.7,363.5,0,0,0,65843.3694807523,12397.866697863,0,0,NA,NA,0,30057,35786.3694807523,0,0,"opala"
"no_interventions",16259.2,4067.68,601.12,0,0,0,-138.700000000001,-55.2599999999998,-188.34,0,18048.2659366575,-65843.3694807523,-5650.39923879452,NA,NA,0,0,0,-8409755.48871103,-8409755.48871103,"opala"
