"hz","pop","tp_med","tp_lo","tp_hi","frac_med","frac_lo","frac_hi","R0_med","R0_lo","R0_hi","N_eff_med"
"opala",139097,0.0223682089448378,0.000716075364828391,0.0390578028365786,0.0835178138645945,0.0575261602433474,0.925773637449994,4.69550128871627,1.63111674870976,7.7819882381553,11617.0773551235
