"hz","pop","tp_med","tp_lo","tp_hi","frac_med","frac_lo","frac_hi","R0_med","R0_lo","R0_hi","N_eff_med"
"opala",139097,0.0230307214448497,0.00267309557870686,0.0385884343423084,0.081675034086777,0.0580085326400343,0.284190683344399,4.72217328607798,2.05734204829167,7.70820779232776,11360.7522163684
